{
  "items": [
    {
      "type": "link",
      "label": "Home",
      "to": "/"
    },
    {
      "type": "mega",
      "label": "Shop",
      "columns": [
        {
          "heading": "By Relationship",
          "links": [
            {
              "label": "Gifts for Him",
              "to": "/gifts-him"
            },
            {
              "label": "Gifts for Her",
              "to": "/gifts-her"
            },
            {
              "label": "For Parents",
              "to": "/parents"
            },
            {
              "label": "For Kids",
              "to": "/kids"
            }
          ]
        },
        {
          "heading": "By Occasion",
          "links": [
            {
              "label": "Diwali Gifts",
              "to": "/diwali-gifts",
              "badge": "Trending"
            },
            {
              "label": "Birthday",
              "to": "/birthday"
            },
            {
              "label": "Anniversary",
              "to": "/anniversary"
            },
            {
              "label": "Housewarming",
              "to": "/housewarming"
            }
          ]
        },
        {
          "heading": "By Category",
          "links": [
            {
              "label": "Personalized",
              "to": "/personalized"
            },
            {
              "label": "Home & Decor",
              "to": "/home-decor"
            },
            {
              "label": "Office & Desk",
              "to": "/office-desk"
            },
            {
              "label": "Accessories",
              "to": "/accessories"
            }
          ]
        }
      ],
      "promo": {
        "title": "Corporate Gifting",
        "text": "Curated catalog, bulk pricing, brand-ready.",
        "to": "/corporate-gifts"
      }
    },
    {
      "type": "link",
      "label": "Corporate Gifts",
      "to": "/corporate-gifts"
    },
    {
      "type": "link",
      "label": "Diwali Gifts",
      "to": "/diwali-gifts"
    }
  ]
}