{
  "products": [
    {
      "id": 8424,
      "name": "Dad the King Whiskey Glass",
      "link": "https://www.giftsmate.net/product/gifts-gadgets/for-him/dad-gifts/dad-the-king-whiskey-glass/",
      "image": "https://www.giftsmate.net/wp-content/uploads/2022/05/Dad-The-King-Whiskey-Glass-2-scaled.jpg",
      "price": 499
    },
    {
      "id": 9448,
      "name": "Dad The King Whiskey Glass",
      "link": "https://www.giftsmate.net/product/gifts-gadgets/for-him/dad-gifts/dad-the-king-whiskey-glass-2/",
      "image": "https://www.giftsmate.net/wp-content/uploads/2022/05/king-Dad-Whiskey-Glass-1-scaled.jpg",
      "price": 499
    },
    {
      "id": 6133,
      "name": "Proud Mr  Dad T-shirt",
      "link": "https://www.giftsmate.net/product/gifts-gadgets/for-him/dad-gifts/proud-mr-dad-t-shirt/",
      "image": "https://www.giftsmate.net/wp-content/uploads/2022/05/proud-new-dad-scaled.jpg",
      "price": 749
    },
    {
      "id": 6121,
      "name": "Proud New Dad T-shirt",
      "link": "https://www.giftsmate.net/product/gifts-gadgets/for-him/dad-gifts/proud-new-dad-t-shirt/",
      "image": "https://www.giftsmate.net/wp-content/uploads/2022/05/proud-new-dad-scaled.jpg",
      "price": 749
    },
    {
      "id": 36645,
      "name": "Princess Protection Agency Dad Mens T-shirt",
      "link": "https://www.giftsmate.net/product/gifts-gadgets/for-him/dad-gifts/princess-protection-agency-dad-mens-t-shirt-3/",
      "image": "/placeholder.png",
      "price": 599,
      "regular_price": 599
    },
    {
      "id": 14867,
      "name": "Best Dad in the World Combo Set of 3 - Mug, Coaster, Keychain",
      "link": "https://www.giftsmate.net/?post_type=product&p=14867",
      "image": "https://www.giftsmate.net/wp-content/uploads/2022/05/Best-Dad-in-the-World-Mug-Keychain-scaled.jpg",
      "price": 349
    },
    {
      "id": 14887,
      "name": "Hero Dad Mug",
      "link": "https://www.giftsmate.net/?post_type=product&p=14887",
      "image": "https://www.giftsmate.net/wp-content/uploads/2022/05/Hero-Dad-Mug-Keychain-scaled.jpg",
      "price": 349
    },
    {
      "id": 14903,
      "name": "Proud Dad of a Freaking Awesome Son Combo Set of 3 - Mug, Coaster, Keychain",
      "link": "https://www.giftsmate.net/product/gifts-gadgets/for-him/dad-gifts/proud-dad-of-a-freaking-awesome-son-combo-set-of-3-mug-coaster-keychain/",
      "image": "https://www.giftsmate.net/wp-content/uploads/2022/05/Proud-Dad-of-a-Freaking-Awesome-Son-Mug-Keychain-scaled.jpg",
      "price": 349
    },
    {
      "id": 14868,
      "name": "Best Husband Daddy Combo Set of 3 - Mug, Coaster, Keychain",
      "link": "https://www.giftsmate.net/product/gifts-gadgets/for-him/husband-gifts/best-husband-daddy-combo-set-of-3-mug-coaster-keychain/",
      "image": "https://www.giftsmate.net/wp-content/uploads/2018/07/11-oz-coffee-mug-mockup-featuring-a-man-at-a-hanukkah-celebration-30645-1.png",
      "price": 349
    },
    {
      "id": 14888,
      "name": "I Love You Dad Combo Set of 3 - Mug, Coaster, Keychain",
      "link": "https://www.giftsmate.net/product/gifts-gadgets/for-him/dad-gifts/i-love-you-dad-combo-set-of-3-mug-coaster-keychain/",
      "image": "https://www.giftsmate.net/wp-content/uploads/2022/05/I-Love-You-Dad-Mug-Keychain-scaled.jpg",
      "price": 349
    },
    {
      "id": 14904,
      "name": "Sons Hero Daughters Love Dad Combo Set of 3 - Mug, Coaster, Keychain",
      "link": "https://www.giftsmate.net/product/gifts-gadgets/for-him/dad-gifts/sons-hero-daughters-love-dad-combo-set-of-3-mug-coaster-keychain/",
      "image": "https://www.giftsmate.net/wp-content/uploads/2022/05/Sons-Hero-Daughters-Love-Mug-Keychain-scaled.jpg",
      "price": 349
    },
    {
      "id": 14869,
      "name": "Best Papa Ever Combo Set of 3 - Mug, Coaster, Keychain",
      "link": "https://www.giftsmate.net/?post_type=product&p=14869",
      "image": "https://www.giftsmate.net/wp-content/uploads/2022/05/Best-Papa-Ever-Mug-Keychain-scaled.jpg",
      "price": 349
    },
    {
      "id": 14889,
      "name": "King Dad Combo Set of 3 - Mug, Coaster, Keychain",
      "link": "https://www.giftsmate.net/?post_type=product&p=14889",
      "image": "https://www.giftsmate.net/wp-content/uploads/2022/05/King-Dad-Mug-Keychain-scaled.jpg",
      "price": 349
    },
    {
      "id": 14905,
      "name": "Special Dad Combo Set of 3 - Mug, Coaster, Keychain",
      "link": "https://www.giftsmate.net/product/gifts-gadgets/for-him/dad-gifts/special-dad-combo-set-of-3-mug-coaster-keychain/",
      "image": "https://www.giftsmate.net/wp-content/uploads/2022/05/Special-Dad-Mug-Keychain-scaled.jpg",
      "price": 349
    },
    {
      "id": 14871,
      "name": "Bowtie Best Dad Combo Set of 3 - Mug, Coaster, Keychain",
      "link": "https://www.giftsmate.net/product/gifts-gadgets/for-him/dad-gifts/bowtie-best-dad-combo-set-of-3-mug-coaster-keychain/",
      "image": "https://www.giftsmate.net/wp-content/uploads/2018/07/mockup-of-a-man-with-a-mustache-holding-a-mug-at-home-m29670-1.png",
      "price": 349
    },
    {
      "id": 14890,
      "name": "Moustache Best Papa Ever Combo Set of 3 - Mug, Coaster, Keychain",
      "link": "https://www.giftsmate.net/?post_type=product&p=14890",
      "image": "https://www.giftsmate.net/wp-content/uploads/2022/05/Moustache-Best-Papa-Ever-Mug-Keychain-scaled.jpg",
      "price": 349
    },
    {
      "id": 14906,
      "name": "Super Dad Combo Set of 3 - Mug, Coaster, Keychain",
      "link": "https://www.giftsmate.net/product/gifts-gadgets/for-him/dad-gifts/super-dad-combo-set-of-3-mug-coaster-keychain/",
      "image": "https://www.giftsmate.net/wp-content/uploads/2022/05/Super-Dad-Mug-Keychain-scaled.jpg",
      "price": 349
    },
    {
      "id": 26807,
      "name": "Engraved Best Papa Ever Notebook Wallet Gifts Combo",
      "link": "https://www.giftsmate.net/product/gifts-gadgets/for-him/dad-gifts/engraved-best-papa-ever-notebook-wallet-gifts-combo/",
      "image": "https://www.giftsmate.net/wp-content/uploads/2022/05/Engraved-Best-Papa-Ever-Notebook-Wallet-Hamper-scaled.jpg"
    },
    {
      "id": 14872,
      "name": "Cat Dad Combo Set of 3 - Mug, Coaster, Keychain",
      "link": "https://www.giftsmate.net/?post_type=product&p=14872",
      "image": "https://www.giftsmate.net/wp-content/uploads/2022/05/Cat-Dad-Mug-Keychain-scaled.jpg",
      "price": 349
    },
    {
      "id": 14891,
      "name": "My Hero Dad Combo Set of 3 - Mug, Coaster, Keychain",
      "link": "https://www.giftsmate.net/product/gifts-gadgets/for-him/dad-gifts/my-hero-dad-combo-set-of-3-mug-coaster-keychain/",
      "image": "https://www.giftsmate.net/wp-content/uploads/2022/05/My-Hero-Dad-Mug-keychain-scaled.jpg",
      "price": 349
    },
    {
      "id": 14907,
      "name": "Super Hero Dad Combo Set of 3 - Mug, Coaster, Keychain",
      "link": "https://www.giftsmate.net/?post_type=product&p=14907",
      "image": "https://www.giftsmate.net/wp-content/uploads/2022/05/Super-Hero-Dad-Mug-Keychain-scaled.jpg",
      "price": 349
    },
    {
      "id": 26811,
      "name": "Best Papa Ever Mousepad Engraved Wallet Gifts Combo",
      "link": "https://www.giftsmate.net/product/gifts-gadgets/for-him/dad-gifts/best-papa-ever-mousepad-engraved-wallet-gifts-combo/",
      "image": "https://www.giftsmate.net/wp-content/uploads/2022/05/Engraved-Best-Papa-Ever-Mousepad-Wallet-Hamper-scaled.jpg",
      "price": 999
    },
    {
      "id": 14873,
      "name": "Cool World Best Cat Dad Combo Set of 3 - Mug, Coaster, Keychain",
      "link": "https://www.giftsmate.net/product/gifts-gadgets/for-him/dad-gifts/cool-world-best-cat-dad-combo-set-of-3-mug-coaster-keychain/",
      "image": "https://www.giftsmate.net/wp-content/uploads/2018/07/11-oz-mug-mockup-featuring-a-smiling-boy-at-home-33172-1.png",
      "price": 349
    },
    {
      "id": 14892,
      "name": "You are King Daddy Combo Set of 3 - Mug, Coaster, Keychain",
      "link": "https://www.giftsmate.net/product/gifts-gadgets/for-him/dad-gifts/you-are-king-daddy-combo-set-of-3-mug-coaster-keychain/",
      "image": "https://www.giftsmate.net/wp-content/uploads/2022/05/You-are-King-Daddy-Mug-keychain-scaled.jpg",
      "price": 349
    }
  ]
}